{"cameraMode":{"drawMode":0,"name":"Shaded","section":"Shading Mode"},"sceneLighting":true,"audioPlay":false,"sceneViewState":{"showFog":true,"showMaterialUpdate":true,"showSkybox":true,"showFlares":true,"showImageEffects":true,"showParticleSystems":true},"in2DMode":false,"pivot":{"x":2.4873046875,"y":3.6129150390625,"z":1.7378616333007813},"rotation":{"x":0.2577613294124603,"y":-0.6468164920806885,"z":0.24746184051036836,"w":0.6737582087516785},"size":15.505252838134766,"orthographic":true}